"id","name","type","billingstreet","billingcity","billingstate","billingpostalcode","billingcountry","phone","fax","website","photourl","industry","annualrevenue","numberofemployees","ownership","description","accountsource","tradestyle","yearstarted","created_at","updated_at"
1,"Schumm-Corkery","Prospect","3372 Amie Tunnel","South Shemarton","Illinois","60575","United States","1-665-445-2841 x0411","(899) 814-0951 x7914","http://example.com/noah","https://pigment.github.io/fake-logos/logos/medium/color/13.png","Automotive & Shoes","5636223","97400","Other","Nulla voluptas nostrum vel doloremque quo. Rerum quo tenetur. Numquam omnis dolorum consequuntur porro quis. Dolorum aperiam et amet.","Partner Referral","Re-contextualized modular complexity",1982,"2016-04-05 03:59:04.019677","2016-04-05 03:59:04.019679"
2,"Wintheiser, Feil and Leffler","Prospect","56204 Jerde Course","Parkerfort","North Dakota","68428-7269","United States","(848) 369-5312 x0416","(828) 747-1664 x0047","http://example.com/ollie_pollich","https://pigment.github.io/fake-logos/logos/medium/color/1.png","Baby & Garden","6884142","25550","Other","Dolores voluptatem non. Et et deserunt corporis officiis. Aut illum eveniet quisquam laudantium et ipsa.","Web","Open-architected directional application",1981,"2016-04-05 03:59:04.342589","2016-04-05 03:59:04.34259"
3,"Grimes-Funk","Prospect","3974 Eve Knoll","Lake Ines","Massachusetts","33109","United States","920.056.5345 x470","175.570.4346","http://example.com/velma_kemmer","https://pigment.github.io/fake-logos/logos/medium/color/5.png","Shoes & Health","4695860","20496","Subsidiary","Dolorem quam et quia nemo. Assumenda aut debitis quo et eius. Et exercitationem sit assumenda amet dolore eligendi. Deserunt inventore dignissimos ut qui.","Phone Inquiry","Virtual interactive algorithm",1997,"2016-04-05 03:59:04.343206","2016-04-05 03:59:04.343207"
4,"Johnson-Reilly","Prospect","715 Stephan Lights","Rathton","Utah","78965","United States","(940) 846-3408 x1577","756.443.0737 x29722","http://example.com/jayde.kulas","https://pigment.github.io/fake-logos/logos/medium/color/3.png","Sports","7317331","96135","Subsidiary","Consequuntur possimus expedita sed. Vero ut error doloremque nesciunt. Officiis commodi nisi eaque velit laboriosam tempora voluptatem. Ut laudantium ut dolor corporis. Velit sed ipsam dicta odio recusandae at autem.","Web","De-engineered scalable model",1980,"2016-04-05 03:59:04.343935","2016-04-05 03:59:04.343936"
5,"Boyer-Hamill","Prospect","51946 Skylar Pine","Bettyefort","Alabama","53278-6668","United States","(991) 019-0509","(287) 423-0354 x71638","http://example.com/jeromy","https://pigment.github.io/fake-logos/logos/medium/color/6.png","Industrial & Books","4682972","39662","Other","Sint consectetur ut quo aut. A rerum perferendis ipsa est velit amet quis. Quia quos maxime id totam illo est rem.","Other","Extended grid-enabled implementation",1983,"2016-04-05 03:59:04.344626","2016-04-05 03:59:04.344628"
6,"Corwin-Haley","Prospect","61270 Leta Landing","Estebantown","New Jersey","74169-0735","United States","687-307-3959","774-874-1977","http://example.com/deangelo","https://pigment.github.io/fake-logos/logos/medium/color/3.png","Grocery, Health & Jewelery","9287164","45710","Private","Nam saepe dolorem sed assumenda sint. Rem velit laborum fugiat itaque suscipit ipsam aut. Aut dolore aut.","Other","Multi-layered executive orchestration",1976,"2016-04-05 03:59:04.345304","2016-04-05 03:59:04.345304"
7,"Thompson, Lueilwitz and Kris","Prospect","45625 Lind Lock","Lake Mia","Rhode Island","84776-8381","United States","255-745-9868","821.490.2208","http://example.com/lori","https://pigment.github.io/fake-logos/logos/medium/color/2.png","Music, Kids & Health","2835243","68153","Public","Vero ipsum expedita. Et ipsum non libero hic nisi ratione eveniet. Voluptas ad fuga. In molestiae est reiciendis.","Purchased List","Secured explicit data-warehouse",1975,"2016-04-05 03:59:04.34601","2016-04-05 03:59:04.346011"
8,"Predovic-McLaughlin","Prospect","142 Huel Lock","Feeneymouth","Washington","75269-2917","United States","353.346.3430 x45217","181.193.6314","http://example.com/annetta.harber","https://pigment.github.io/fake-logos/logos/medium/color/9.png","Games & Jewelery","4475881","26755","Public","Dolorem et aut sit non quas. Suscipit dolores cum. Dolorem sapiente quisquam delectus iusto.","Phone Inquiry","Distributed 3rd generation throughput",1993,"2016-04-05 03:59:04.346713","2016-04-05 03:59:04.346714"
9,"Hudson and Sons","Prospect","7728 Aniyah Junction","East Terrell","Indiana","64253","United States","300.922.0466","137-060-9894","http://example.com/oswald","https://pigment.github.io/fake-logos/logos/medium/color/7.png","Computers","7121820","56160","Other","Dolor odio nostrum autem sapiente est quidem. Nemo aliquam libero. Molestias et non repellendus minus natus necessitatibus.","Other","Synergistic transitional software",1990,"2016-04-05 03:59:04.347352","2016-04-05 03:59:04.347353"
10,"Auer-Gulgowski","Prospect","6113 Kautzer Dale","New Kiarra","Nevada","56307","United States","1-932-020-9075 x793","1-680-181-0811","http://example.com/maribel","https://pigment.github.io/fake-logos/logos/medium/color/4.png","Health & Movies","7757196","95031","Private","Error officia labore consequuntur tenetur sed non. Eius et voluptatibus corporis provident. Non dolores sint omnis et doloribus nisi. Ipsum repudiandae sint.","Web","Versatile interactive throughput",1991,"2016-04-05 03:59:04.347873","2016-04-05 03:59:04.347873"
11,"Hoppe-O'Keefe","Prospect","78796 Caroline Land","West Otis","Oregon","31288","United States","1-799-541-5189 x386","859-020-0914 x41105","http://example.com/destinee","https://pigment.github.io/fake-logos/logos/medium/color/13.png","Movies, Sports & Toys","7044531","47639","Subsidiary","Consequatur et tenetur et iusto cum eos. Voluptas tempora nihil cupiditate. Voluptate ut aut perspiciatis inventore ad et. Saepe similique sit excepturi molestias sapiente. Modi facilis eveniet quaerat reprehenderit.","Web","Self-enabling solution-oriented task-force",2014,"2016-04-05 03:59:04.348448","2016-04-05 03:59:04.348449"
12,"D'Amore, Stanton and Corwin","Prospect","3979 Zachery Forks","Justusbury","Rhode Island","98378","United States","1-613-933-3158 x58776","(958) 115-7953","http://example.com/devante_barrows","https://pigment.github.io/fake-logos/logos/medium/color/5.png","Computers","6937286","15152","Subsidiary","Velit illum aliquid ab facere excepturi corrupti ea. Eveniet nulla molestiae cum sapiente fuga. Aliquam et unde necessitatibus qui possimus.","Purchased List","Balanced content-based initiative",1983,"2016-04-05 03:59:04.349064","2016-04-05 03:59:04.349065"
13,"Weimann Inc","Prospect","73737 Rath Club","South Kirsten","Nevada","10230-5253","United States","(478) 426-5038 x784","(299) 913-0353 x71252","http://example.com/moriah_mante","https://pigment.github.io/fake-logos/logos/medium/color/11.png","Industrial, Jewelery & Automotive","2456271","15513","Other","Minima quia quis. Aut voluptatum sit. Quaerat natus nam veritatis minima. Neque et laudantium voluptatum possimus.","Phone Inquiry","Operative dedicated internet solution",2005,"2016-04-05 03:59:04.349564","2016-04-05 03:59:04.349565"
14,"Beatty-Schaefer","Prospect","160 Alaina Underpass","Mauricioland","Minnesota","40844","United States","488-057-7574 x484","1-134-910-2976","http://example.com/rowan","https://pigment.github.io/fake-logos/logos/medium/color/11.png","Tools","9218514","12643","Subsidiary","Ut corrupti ea ea dolorem sint explicabo iste. Occaecati accusamus dolorum quaerat accusantium suscipit. Voluptas ab ducimus nihil quia.","Web","Reverse-engineered tangible protocol",1989,"2016-04-05 03:59:04.350129","2016-04-05 03:59:04.35013"
15,"Hane Inc","Prospect","713 Douglas Lake","Herzogchester","North Carolina","86134-1735","United States","239-269-2553 x53722","1-521-684-8564 x991","http://example.com/alvera","https://pigment.github.io/fake-logos/logos/medium/color/12.png","Tools","4343848","58643","Public","Dolor saepe iusto quam a. Sapiente rerum non iste. Saepe delectus qui voluptatibus est aliquid cum.","Purchased List","Cross-group motivating algorithm",2004,"2016-04-05 03:59:04.350669","2016-04-05 03:59:04.35067"
16,"Padberg-West","Prospect","2738 Kuhic Street","Lake Roderickbury","Wyoming","33055-8319","United States","1-328-292-3831 x262","1-804-413-7608","http://example.com/mara.roob","https://pigment.github.io/fake-logos/logos/medium/color/12.png","Grocery","2987274","31681","Private","Molestiae laboriosam omnis optio. Libero quaerat consequatur corporis et incidunt illum. Amet nihil nostrum velit quia non modi. Id et nam facilis. Nobis quia in.","Purchased List","Multi-tiered local capability",2005,"2016-04-05 03:59:04.351179","2016-04-05 03:59:04.35118"
17,"Breitenberg Inc","Prospect","759 Ona Dale","West Imeldahaven","New Jersey","22848-1313","United States","1-196-947-1996","950-013-5233 x761","http://example.com/allene.goodwin","https://pigment.github.io/fake-logos/logos/medium/color/7.png","Grocery & Industrial","1497946","92419","Private","Mollitia distinctio quos quia voluptatem ut adipisci saepe. Quae voluptas minus. Fugiat quia minima rerum quo. Est recusandae ullam deleniti optio voluptas. Delectus maxime fugiat mollitia fugit.","Web","Triple-buffered eco-centric implementation",2003,"2016-04-05 03:59:04.351743","2016-04-05 03:59:04.351744"
18,"Schinner and Sons","Prospect","987 Collins Land","Lake Audrey","Washington","19785-2923","United States","1-158-896-2030","(942) 441-3062 x5245","http://example.com/keith_schmitt","https://pigment.github.io/fake-logos/logos/medium/color/2.png","Computers & Outdoors","6103053","68234","Private","Nesciunt cumque a earum error illum sunt rerum. Ipsa accusamus tempora esse culpa totam. Repudiandae veritatis ipsa. Qui qui accusamus.","Purchased List","Innovative contextually-based service-desk",2010,"2016-04-05 03:59:04.352327","2016-04-05 03:59:04.352328"
19,"Kuhn, Boyle and Mayer","Prospect","808 Wiley Trace","Aishaton","Virginia","13932","United States","(634) 162-1507","(443) 716-8454","http://example.com/natasha","https://pigment.github.io/fake-logos/logos/medium/color/2.png","Baby & Books","8868148","60779","Public","Est corrupti suscipit in ea aut culpa. In corrupti qui reiciendis a tempora dolorem officiis. Ut itaque molestiae enim voluptatum rerum sit. Rem nostrum labore aspernatur quisquam.","Purchased List","Open-source global synergy",1987,"2016-04-05 03:59:04.352923","2016-04-05 03:59:04.352924"
20,"Kshlerin LLC","Prospect","114 Myrtle Brook","New Keiratown","Washington","79740-9845","United States","400-566-9607 x105","148.935.8841 x20585","http://example.com/lloyd","https://pigment.github.io/fake-logos/logos/medium/color/13.png","Computers, Grocery & Automotive","8409584","37452","Public","Voluptatibus nostrum reiciendis soluta incidunt. Vel cupiditate accusamus dignissimos commodi sunt. Tenetur sequi id ipsam voluptate earum neque molestiae.","Other","Triple-buffered needs-based challenge",2009,"2016-04-05 03:59:04.353515","2016-04-05 03:59:04.353516"
21,"Wisozk-Haag","Prospect","3715 Efren Meadow","Julianashire","New Mexico","47148-9311","United States","674.238.2613 x69993","831.492.3187","http://example.com/tobin.bogan","https://pigment.github.io/fake-logos/logos/medium/color/8.png","Tools & Kids","7570799","34257","Subsidiary","Est quas deleniti. Fugit porro eligendi non quod itaque. Natus earum minima. Dolor perspiciatis quis perferendis nam ut eveniet alias.","Partner Referral","Synergized tertiary focus group",1996,"2016-04-05 03:59:04.354075","2016-04-05 03:59:04.354076"
22,"Zieme-Auer","Prospect","57835 Auer Dam","New Tyriquechester","Florida","23494-4977","United States","1-427-859-1388","173-174-4136 x5549","http://example.com/olaf_kub","https://pigment.github.io/fake-logos/logos/medium/color/6.png","Tools","3272582","23660","Subsidiary","Omnis tempore repellendus. Alias aut in adipisci qui perferendis sint. Non ut harum. Ducimus aut rerum.","Other","Decentralized bandwidth-monitored benchmark",2003,"2016-04-05 03:59:04.354672","2016-04-05 03:59:04.354673"
23,"Wilkinson, Jacobi and Ondricka","Prospect","24146 Travis Mills","New Luna","Utah","17800","United States","101.497.7271 x1123","1-718-569-9117","http://example.com/irma_bauch","https://pigment.github.io/fake-logos/logos/medium/color/8.png","Jewelery","9369381","12209","Subsidiary","Et qui fugit minus odit hic. Totam aut sit expedita qui reprehenderit. Libero nesciunt deserunt harum omnis recusandae cupiditate voluptatibus.","Web","Extended multi-tasking circuit",2012,"2016-04-05 03:59:04.355194","2016-04-05 03:59:04.355195"
24,"Reichel-Kassulke","Prospect","69482 Terrill Circles","Lynchshire","Pennsylvania","53084-0252","United States","859.280.6234 x260","641.377.2938","http://example.com/bartholome","https://pigment.github.io/fake-logos/logos/medium/color/9.png","Tools","4445391","19382","Private","Corrupti ut aut dolor consequatur non sint assumenda. Quae dolorem vitae et voluptatibus. Pariatur facere ea unde quia laborum. Illum iste ea minima. Consequuntur at omnis eaque.","Purchased List","Persevering 4th generation core",2013,"2016-04-05 03:59:04.355718","2016-04-05 03:59:04.355719"
25,"Pfannerstill, Hodkiewicz and Gislason","Prospect","1159 Stanton Trail","Talonchester","Oregon","12116","United States","(366) 312-2049","855-590-3662 x355","http://example.com/leanne","https://pigment.github.io/fake-logos/logos/medium/color/7.png","Shoes & Clothing","5833495","45752","Other","Nulla repudiandae consectetur veniam. Voluptas ea possimus excepturi sunt. Voluptatem quaerat id repellendus rerum.","Phone Inquiry","Object-based tertiary superstructure",1980,"2016-04-05 03:59:04.356264","2016-04-05 03:59:04.356265"
26,"Bechtelar-Lebsack","Prospect","15222 Pacocha Street","West Quentinville","Virginia","49389","United States","897.149.3699 x1255","1-624-954-6023 x935","http://example.com/janie","https://pigment.github.io/fake-logos/logos/medium/color/13.png","Health","8843775","54470","Public","Soluta reiciendis eveniet ratione dolores a voluptatum. Eum qui enim ratione eos saepe dolor. Aut hic eius. Quod vitae ut repellendus enim itaque. Optio dolores quas at.","Web","Monitored global secured line",1983,"2016-04-05 03:59:04.35685","2016-04-05 03:59:04.356851"
27,"Williamson-Rau","Prospect","800 O'Reilly Forges","Michaleburgh","Maine","26523-7759","United States","(525) 299-1780 x6319","795.764.9869 x15043","http://example.com/mabelle_harber","https://pigment.github.io/fake-logos/logos/medium/color/7.png","Tools & Outdoors","5545976","42281","Other","Libero at ipsum. Illum exercitationem reiciendis labore accusantium. Quis eveniet minima non id.","Partner Referral","Balanced asynchronous projection",2003,"2016-04-05 03:59:04.357417","2016-04-05 03:59:04.357418"
28,"Larkin-Rosenbaum","Prospect","10511 Enid Avenue","Theodoreville","South Dakota","75558","United States","570.668.6187","1-770-199-2187 x838","http://example.com/sven.streich","https://pigment.github.io/fake-logos/logos/medium/color/3.png","Computers & Books","6410086","30007","Private","Quod quaerat distinctio et ipsam veniam placeat et. Voluptas deleniti exercitationem natus architecto dolor repellendus. At tenetur et nostrum numquam. Facere nihil praesentium totam possimus ea provident. Et id quos sed est facilis excepturi recusandae.","Web","Cloned explicit system engine",1990,"2016-04-05 03:59:04.358","2016-04-05 03:59:04.358001"
29,"Abbott Group","Prospect","961 Champlin Greens","New Elvis","Maine","66499","United States","561.757.5140","597.088.3604 x9556","http://example.com/cristina","https://pigment.github.io/fake-logos/logos/medium/color/6.png","Electronics, Books & Tools","9804690","91363","Public","Iure reiciendis molestias consectetur totam tempore sed voluptas. Eos consectetur ipsa adipisci suscipit debitis. Sit dolor est eos ea debitis laudantium sequi. Culpa quisquam dolorem quia magnam qui consequatur sed.","Purchased List","Networked well-modulated implementation",1988,"2016-04-05 03:59:04.358619","2016-04-05 03:59:04.358619"
30,"Osinski-Bradtke","Prospect","19051 Magali Rapids","South Katelynview","Alaska","74631-0370","United States","946-015-4110","233.631.3787","http://example.com/burdette_prosacco","https://pigment.github.io/fake-logos/logos/medium/color/5.png","Beauty, Outdoors & Kids","3316456","18173","Other","Aut ipsa eveniet. Numquam quia labore cupiditate eos et commodi inventore. Enim magni autem sunt aut fugiat. Ut voluptas alias aut sed ab at. Dicta illum temporibus sit voluptatibus consequatur.","Partner Referral","Advanced object-oriented firmware",1987,"2016-04-05 03:59:04.359222","2016-04-05 03:59:04.359223"
31,"Wilkinson and Sons","Prospect","209 Ankunding Creek","East Tressie","Kentucky","86123","United States","985.297.6158","932-058-6595 x292","http://example.com/jaylen","https://pigment.github.io/fake-logos/logos/medium/color/6.png","Outdoors, Clothing & Jewelery","9796607","68195","Private","Rem deleniti laudantium excepturi impedit eum. Eligendi magnam qui enim rerum at. Enim sint quia eos. Est possimus fugiat voluptatibus. Consequatur harum qui assumenda ad ut fuga.","Purchased List","Cross-platform didactic customer loyalty",1987,"2016-04-05 03:59:04.359843","2016-04-05 03:59:04.359844"
32,"Weimann Inc","Prospect","56128 Yundt Light","West Maida","New Mexico","80415-5904","United States","1-414-000-9815 x3844","1-606-844-5453 x77839","http://example.com/jermaine_jacobson","https://pigment.github.io/fake-logos/logos/medium/color/13.png","Toys & Garden","9404638","52995","Other","Quasi et distinctio rerum ex quia. Quod voluptatum sequi adipisci a ipsam aut quae. Et atque debitis excepturi.","Phone Inquiry","Enterprise-wide 24/7 artificial intelligence",1979,"2016-04-05 03:59:04.360656","2016-04-05 03:59:04.360657"
33,"Collier-Baumbach","Prospect","103 Padberg Drive","McLaughlinborough","Hawaii","83082","United States","(782) 690-7527 x170","117.709.7424 x1144","http://example.com/chasity.ondricka","https://pigment.github.io/fake-logos/logos/medium/color/4.png","Sports","1975388","38581","Public","Odio est laboriosam id qui vero. Ducimus natus exercitationem aut. Quia et quod sed qui.","Web","Customizable human-resource time-frame",2003,"2016-04-05 03:59:04.361219","2016-04-05 03:59:04.36122"
34,"Bednar and Sons","Prospect","69397 Hertha Burg","Maximilliatown","Ohio","74448","United States","862-754-7417 x4850","137.835.1395","http://example.com/dolly","https://pigment.github.io/fake-logos/logos/medium/color/7.png","Games","6118898","22297","Public","Autem officiis quis sint. Labore assumenda modi voluptatem optio reiciendis qui. Rerum autem cupiditate.","Web","Reactive client-driven concept",1975,"2016-04-05 03:59:04.361742","2016-04-05 03:59:04.361743"
35,"Crist, Labadie and Roberts","Prospect","1389 Rutherford Brooks","Joville","Michigan","40720-2100","United States","523-949-7819 x68418","668.080.5051 x536","http://example.com/deonte","https://pigment.github.io/fake-logos/logos/medium/color/9.png","Industrial","7782772","22212","Subsidiary","Sit et dolores ex quae. Qui et quo quia ut ratione quos qui. Non et quia omnis et perferendis sunt.","Phone Inquiry","Focused disintermediate utilisation",1987,"2016-04-05 03:59:04.362225","2016-04-05 03:59:04.362226"
36,"Thompson LLC","Prospect","5404 Gerhold Drives","East Randalton","Missouri","71940","United States","(321) 971-4283","1-581-289-9507 x53329","http://example.com/jameson","https://pigment.github.io/fake-logos/logos/medium/color/2.png","Electronics, Books & Games","6120604","39844","Private","Explicabo placeat est rerum. Ut voluptas ipsa iusto. Architecto minus quo rem optio molestiae nulla. Ut ut quia.","Web","Persevering background installation",2007,"2016-04-05 03:59:04.362751","2016-04-05 03:59:04.362752"
37,"Steuber Group","Prospect","2041 Tremblay Skyway","Port Vicenta","Louisiana","39864","United States","888-644-4641 x06191","346.548.1252 x14269","http://example.com/alfredo_frami","https://pigment.github.io/fake-logos/logos/medium/color/2.png","Baby","7882978","73869","Public","Distinctio aut cupiditate. Est inventore omnis nostrum incidunt dolores explicabo ad. Pariatur qui velit. Quibusdam quam placeat ratione sit inventore cumque ducimus.","Other","Assimilated transitional functionalities",1993,"2016-04-05 03:59:04.363375","2016-04-05 03:59:04.363376"
38,"Larson, Dach and Waters","Prospect","5785 Annabelle Fork","South Lenorestad","Michigan","78030-3719","United States","1-301-831-2907","621.933.1484","http://example.com/fernando","https://pigment.github.io/fake-logos/logos/medium/color/13.png","Baby, Grocery & Kids","3112529","91619","Other","Debitis cumque mollitia consequatur qui. Rerum quam sit qui omnis tempora voluptas. Quibusdam est in quos placeat vel et. Debitis nobis est eligendi recusandae et.","Other","Horizontal next generation hierarchy",1982,"2016-04-05 03:59:04.363988","2016-04-05 03:59:04.363989"
39,"Herzog, McCullough and Sauer","Prospect","9436 Evalyn Junction","Lake Tomasatown","Alabama","56596-5806","United States","463-472-3192","1-502-749-2028 x54115","http://example.com/van","https://pigment.github.io/fake-logos/logos/medium/color/9.png","Home","7048877","48506","Public","Et quis et distinctio et et reprehenderit id. Sint non accusamus voluptatem. Quasi mollitia et.","Phone Inquiry","Multi-lateral local concept",1997,"2016-04-05 03:59:04.364576","2016-04-05 03:59:04.364576"
40,"Gusikowski-White","Prospect","5694 Schumm Union","East Marceloview","Washington","74779-0501","United States","764.919.0777","471.731.0189 x45099","http://example.com/alta_robel","https://pigment.github.io/fake-logos/logos/medium/color/8.png","Music & Automotive","8747034","55912","Public","Occaecati tempore facere quidem dolorem. Consequatur et minus maxime est unde dignissimos nesciunt. Non ipsum provident quos ratione. Quasi in expedita qui quas similique delectus tempore. Commodi nobis molestias voluptatibus dolorum et voluptas delectus.","Phone Inquiry","Future-proofed system-worthy functionalities",1999,"2016-04-05 03:59:04.365113","2016-04-05 03:59:04.365114"
41,"Ankunding and Sons","Prospect","43340 Ruben Junctions","Wilmaland","Illinois","58426","United States","(288) 966-4333 x1868","181-357-4058","http://example.com/amalia.fisher","https://pigment.github.io/fake-logos/logos/medium/color/5.png","Toys & Grocery","2637615","11955","Public","Omnis vel ad vitae sed perspiciatis ducimus. Mollitia quasi repudiandae laudantium eligendi vel. Placeat numquam voluptatem et.","Partner Referral","Right-sized stable matrices",1981,"2016-04-05 03:59:04.365692","2016-04-05 03:59:04.365693"
42,"Abernathy and Sons","Prospect","650 Kovacek Well","West Lucienne","Arizona","96753-7974","United States","1-553-965-7746 x6210","1-904-891-8033 x00672","http://example.com/eleazar","https://pigment.github.io/fake-logos/logos/medium/color/3.png","Baby, Clothing & Grocery","3616413","59549","Subsidiary","Eius ut consequatur. Eligendi ex qui. At sed qui. Sint velit ad. Quia quasi laborum.","Purchased List","Automated optimal website",2006,"2016-04-05 03:59:04.366229","2016-04-05 03:59:04.36623"
43,"Harber, Schinner and Blick","Prospect","796 Feeney Landing","New Titusmouth","Massachusetts","51455-1458","United States","1-363-268-1940","261-557-6831","http://example.com/monserrat_mills","https://pigment.github.io/fake-logos/logos/medium/color/2.png","Books & Automotive","9961516","69502","Private","Sit laudantium quos aut. Non nihil repellendus incidunt. Sequi voluptatem necessitatibus et cum mollitia placeat maxime. Quas quam mollitia ex eius et minima laudantium. Cupiditate ipsam expedita tenetur ratione libero quae dolore.","Purchased List","Progressive composite productivity",1983,"2016-04-05 03:59:04.366803","2016-04-05 03:59:04.366804"
44,"Kuvalis, Ratke and Bogan","Prospect","28260 Virginia Union","West Jess","Virginia","84466","United States","(330) 694-4612 x048","(280) 991-9707 x4419","http://example.com/crawford","https://pigment.github.io/fake-logos/logos/medium/color/10.png","Health, Industrial & Home","3103136","33805","Subsidiary","Consequatur facilis ut in omnis quasi voluptatem. Debitis mollitia quae ut rerum molestiae. Et dolores doloribus accusantium aspernatur incidunt.","Purchased List","Triple-buffered uniform knowledge user",1990,"2016-04-05 03:59:04.3674","2016-04-05 03:59:04.367401"
45,"Christiansen-Hahn","Prospect","65520 Stiedemann Lights","South Daishaview","Vermont","35590","United States","856.286.2369 x094","910-547-4879 x3580","http://example.com/vada","https://pigment.github.io/fake-logos/logos/medium/color/10.png","Games","5505909","76487","Private","At error dolores inventore ipsa asperiores voluptatem. Reiciendis rem laborum iste doloremque. Id facilis quasi repellendus qui culpa enim dolorem.","Purchased List","Enterprise-wide discrete middleware",2004,"2016-04-05 03:59:04.367948","2016-04-05 03:59:04.367949"
46,"Jacobson Group","Prospect","3808 Haley Walks","Nathanaelfurt","Kansas","73944-4729","United States","852.826.7583","652.128.8938","http://example.com/annetta.howell","https://pigment.github.io/fake-logos/logos/medium/color/8.png","Sports & Toys","8221622","55465","Subsidiary","Est provident officia nostrum quas reiciendis. Et distinctio harum in qui. Voluptatibus odit eos officia perspiciatis id. Voluptas consequatur necessitatibus illo omnis voluptate. Id quas non.","Purchased List","Multi-lateral responsive projection",2011,"2016-04-05 03:59:04.368466","2016-04-05 03:59:04.368467"
47,"Koch-Casper","Prospect","796 Jacey Lights","Port Levi","Florida","47951","United States","(170) 837-2950","1-138-646-8192 x375","http://example.com/elise.hane","https://pigment.github.io/fake-logos/logos/medium/color/8.png","Baby","5148284","79403","Subsidiary","Magnam quia maxime sequi voluptatem. Maxime sed et voluptate. Iste aut ea labore ab reprehenderit. Odio ducimus qui. Iusto nisi quis.","Web","Vision-oriented cohesive matrices",1983,"2016-04-05 03:59:04.368998","2016-04-05 03:59:04.368999"
48,"Heathcote and Sons","Prospect","8269 Stoltenberg Valleys","Laviniahaven","North Carolina","56348-5881","United States","(475) 197-7266 x712","(834) 851-1613 x8496","http://example.com/enrique","https://pigment.github.io/fake-logos/logos/medium/color/10.png","Home, Toys & Shoes","1458562","96394","Subsidiary","Quo eligendi nostrum in et repellendus occaecati. Recusandae porro eum quasi. Quibusdam aut quia occaecati cum nemo enim odit. Voluptates blanditiis ut porro veniam molestiae omnis eveniet. Et non est saepe qui ea nam vel.","Partner Referral","Focused uniform firmware",1992,"2016-04-05 03:59:04.369531","2016-04-05 03:59:04.369532"
49,"Walter LLC","Prospect","13326 Mack Villages","Hollisside","North Carolina","47083-8425","United States","(543) 633-4977 x8535","367.186.0561 x60344","http://example.com/alexie.baumbach","https://pigment.github.io/fake-logos/logos/medium/color/13.png","Games","2190159","27728","Public","Ut ut consequatur voluptatem maiores omnis quam earum. Aut et est distinctio. Eius quam temporibus perspiciatis qui nihil.","Purchased List","Pre-emptive actuating pricing structure",1990,"2016-04-05 03:59:04.3701","2016-04-05 03:59:04.370101"
50,"Ortiz, McKenzie and Runolfsdottir","Prospect","3746 Kuhic Glen","Beahanville","Illinois","89226","United States","1-191-004-9877","(850) 934-6118","http://example.com/amya","https://pigment.github.io/fake-logos/logos/medium/color/13.png","Music & Grocery","2749305","29659","Subsidiary","Veniam odio laboriosam mollitia reiciendis aut. Sit veniam expedita sit perspiciatis qui aut. Iusto sit iure repellat.","Partner Referral","Expanded modular internet solution",2004,"2016-04-05 03:59:04.370607","2016-04-05 03:59:04.370607"
